wavelength_nm,intensity,sigma_y
420,0.06855837603347284,0.012
421.875,0.08225013596539475,0.012
423.75,0.08492186458900883,0.012
425.625,0.0976432012329814,0.012
427.5,0.10045884018808024,0.012
429.375,0.0807611504397574,0.012
431.25,0.07817671686449701,0.012
433.125,0.09056899954653447,0.012
435,0.07751289280255486,0.012
436.875,0.09508812975510478,0.012
438.75,0.11142802687347178,0.012
440.625,0.10052957256088399,0.012
442.5,0.0985524657485566,0.012
444.375,0.11923025545573177,0.012
446.25,0.10288632710714149,0.012
448.125,0.0969880938906581,0.012
450,0.1144976717324306,0.012
451.875,0.10815065194689509,0.012
453.75,0.11003846269702415,0.012
455.625,0.10777155106214913,0.012
457.5,0.10819504146467104,0.012
459.375,0.07496180805617503,0.012
461.25,0.11384863990940136,0.012
463.125,0.11190115171455743,0.012
465,0.11607360122064668,0.012
466.875,0.09720343121059888,0.012
468.75,0.13185125011788298,0.012
470.625,0.12188132921416882,0.012
472.5,0.11317682966660199,0.012
474.375,0.11488999094953894,0.012
476.25,0.10956070672910517,0.012
478.125,0.09701690348644396,0.012
480,0.10357751922130047,0.012
481.875,0.09423103221265154,0.012
483.75,0.08961053294064752,0.012
485.625,0.10856572869786855,0.012
487.5,0.1223619098106266,0.012
489.375,0.13023414355684337,0.012
491.25,0.13328055596214244,0.012
493.125,0.14026489319491683,0.012
495,0.16397518610665796,0.012
496.875,0.16590042695427448,0.012
498.75,0.17772596340718377,0.012
500.625,0.1625107364058017,0.012
502.5,0.19020420609722272,0.012
504.375,0.2314635422513803,0.012
506.25,0.2422382689741116,0.012
508.125,0.263652226621897,0.012
510,0.31350488848204205,0.012
511.875,0.38025506922224306,0.012
513.75,0.4210594316394669,0.012
515.625,0.47346623697397777,0.012
517.5,0.5178520644497374,0.012
519.375,0.5858191681925662,0.012
521.25,0.6401098934965653,0.012
523.125,0.7236907747479635,0.012
525,0.8158191571664305,0.012
526.875,0.8871462648129151,0.012
528.75,0.9672124952082809,0.012
530.625,1.0537346713731008,0.012
532.5,1.1356940110241955,0.012
534.375,1.195055496829247,0.012
536.25,1.2508251068719154,0.012
538.125,1.2988171405652118,0.012
540,1.3403384409068504,0.012
541.875,1.375716652244936,0.012
543.75,1.3982048305820869,0.012
545.625,1.399452396870774,0.012
547.5,1.404077848265045,0.012
549.375,1.354479114839661,0.012
551.25,1.320834380355088,0.012
553.125,1.297812766520635,0.012
555,1.2234806326140653,0.012
556.875,1.1577264024562508,0.012
558.75,1.0830842125294613,0.012
560.625,1.0102476901040673,0.012
562.5,0.9402600478058016,0.012
564.375,0.8314425981989768,0.012
566.25,0.7758002331509093,0.012
568.125,0.7218167212505598,0.012
570,0.6163815384902577,0.012
571.875,0.5654904308529172,0.012
573.75,0.50828393777938,0.012
575.625,0.45567682041375057,0.012
577.5,0.4046027947748902,0.012
579.375,0.36804374273463186,0.012
581.25,0.31843958443530673,0.012
583.125,0.3251326531155509,0.012
585,0.26875054436743956,0.012
586.875,0.2638442444743663,0.012
588.75,0.21917608059639382,0.012
590.625,0.20594780379037406,0.012
592.5,0.19418480058758725,0.012
594.375,0.18434835236710645,0.012
596.25,0.1937258380325157,0.012
598.125,0.20593217122553062,0.012
600,0.22464088264767942,0.012
601.875,0.18335135174555967,0.012
603.75,0.18312561359511983,0.012
605.625,0.18100797094704138,0.012
607.5,0.16836988685056245,0.012
609.375,0.17955417374143331,0.012
611.25,0.17815672538949176,0.012
613.125,0.19615079052897477,0.012
615,0.16302817727134317,0.012
616.875,0.19100842026974432,0.012
618.75,0.18978311679190515,0.012
620.625,0.18135887004536355,0.012
622.5,0.18899235221071395,0.012
624.375,0.18579152540951768,0.012
626.25,0.196541680529159,0.012
628.125,0.1905489288772425,0.012
630,0.19134465893979494,0.012
631.875,0.18694063104735306,0.012
633.75,0.18338552112632417,0.012
635.625,0.17703362287060542,0.012
637.5,0.18518604966351856,0.012
639.375,0.20847121493136947,0.012
641.25,0.20874276288859706,0.012
643.125,0.19788347498470982,0.012
645,0.207770914018576,0.012
646.875,0.18719836644240645,0.012
648.75,0.1963114287000901,0.012
650.625,0.1924353575777235,0.012
652.5,0.18897822664838898,0.012
654.375,0.18472285923938447,0.012
656.25,0.2165877448069263,0.012
658.125,0.23036474456913128,0.012
660,0.21059252194305653,0.012
661.875,0.2184230877442746,0.012
663.75,0.1860753144706323,0.012
665.625,0.1978146729842664,0.012
667.5,0.19397663560732734,0.012
669.375,0.19491385402602412,0.012
671.25,0.20505087463427107,0.012
673.125,0.21457444149375735,0.012
675,0.19947622958047947,0.012
676.875,0.19931779724354606,0.012
678.75,0.2088322264671563,0.012
680.625,0.22137267051216744,0.012
682.5,0.21450856399956636,0.012
684.375,0.21484633921832005,0.012
686.25,0.21720991684563626,0.012
688.125,0.20395792626807055,0.012
690,0.20763126341141896,0.012
691.875,0.22541660687984716,0.012
693.75,0.21680825717855381,0.012
695.625,0.22039540561940427,0.012
697.5,0.24868708302255454,0.012
699.375,0.19537910133923217,0.012
701.25,0.2332602487178258,0.012
703.125,0.22708561497751792,0.012
705,0.21503891731313685,0.012
706.875,0.2251605607693166,0.012
708.75,0.2189125881821985,0.012
710.625,0.22025331542795434,0.012
712.5,0.229000438114377,0.012
714.375,0.22921668157725633,0.012
716.25,0.2292439337203942,0.012
718.125,0.23628929445702532,0.012
720,0.23812718114891715,0.012
